customer_id,full_name,email,phone,country,city,customer_segment,loyalty_tier,created_at
C00001,Adrian Garcia,adrian.garcia1@example.com,+34 651280222,Spain,Murcia,at_risk,gold,2025-03-10 10:51:36
C00002,Paula Sanchez,paula.sanchez2@example.com,+34 641556839,Spain,Murcia,at_risk,bronze,2025-11-04 09:37:33
C00003,Laura Navarro,laura.navarro3@example.com,+34 638449247,Spain,Valencia,new,bronze,2026-02-17 03:11:26
C00004,Raul Fernandez,raul.fernandez4@example.com,+34 654468154,Spain,Valencia,active,bronze,2025-04-24 17:55:05
C00005,Diego Fernandez,diego.fernandez5@example.com,+34 632731661,Spain,Valencia,new,silver,2026-01-19 19:00:32
C00006,Hugo Molina,hugo.molina6@example.com,+34 684570711,Spain,Murcia,vip,gold,2025-04-28 06:02:59
C00007,Hugo Martinez,hugo.martinez7@example.com,+34 670563688,Spain,Bilbao,vip,bronze,2025-10-01 08:40:42
C00008,Raul Martinez,raul.martinez8@example.com,+34 649584172,Spain,Alicante,new,bronze,2025-10-14 09:46:01
C00009,Laura Martinez,laura.martinez9@example.com,+34 692996840,Spain,Barcelona,at_risk,platinum,2026-03-27 18:07:27
C00010,Irene Lopez,irene.lopez10@example.com,+34 667949153,Spain,Murcia,active,gold,2026-01-05 10:22:03
C00011,Raul Perez,raul.perez11@example.com,+34 617572407,Spain,Barcelona,vip,bronze,2026-01-27 21:28:30
C00012,Elena Lopez,elena.lopez12@example.com,+34 641841995,Spain,Alicante,at_risk,silver,2025-10-10 15:32:58
C00013,Nuria Moreno,nuria.moreno13@example.com,+34 659528625,Spain,Malaga,new,gold,2025-02-21 04:41:09
C00014,Alvaro Sanchez,alvaro.sanchez14@example.com,+34 681811332,Spain,Zaragoza,vip,gold,2025-04-27 19:09:43
C00015,Alvaro Martinez,alvaro.martinez15@example.com,+34 684795847,Spain,Valencia,vip,gold,2025-11-01 10:37:35
C00016,Carlos Castro,carlos.castro16@example.com,+34 620424620,Spain,Vigo,at_risk,gold,2025-04-10 06:14:54
C00017,Raul Martinez,raul.martinez17@example.com,+34 692803024,Spain,Zaragoza,vip,bronze,2025-10-09 15:18:37
C00018,Laura Gomez,laura.gomez18@example.com,+34 637458332,Spain,Alicante,active,silver,2025-04-17 20:24:14
C00019,Carlos Martinez,carlos.martinez19@example.com,+34 647985447,Spain,Barcelona,new,gold,2025-04-12 18:55:52
C00020,Claudia Vazquez,claudia.vazquez20@example.com,+34 629270128,Spain,Valencia,active,platinum,2025-02-03 22:29:09
C00021,Paula Torres,paula.torres21@example.com,+34 696854540,Spain,Sevilla,at_risk,gold,2025-12-15 16:37:25
C00022,Marta Ortega,marta.ortega22@example.com,+34 640424500,Spain,Alicante,active,gold,2026-03-20 01:23:17
C00023,Hugo Gil,hugo.gil23@example.com,+34 646915922,Spain,Zaragoza,at_risk,silver,2025-06-05 02:38:07
C00024,Claudia Perez,claudia.perez24@example.com,+34 642154714,Spain,Alicante,vip,bronze,2026-02-05 17:14:52
C00025,Sofia Moreno,sofia.moreno25@example.com,+34 620900185,Spain,Valencia,vip,platinum,2026-02-03 17:35:19
C00026,Carlos Ramos,carlos.ramos26@example.com,+34 621332823,Spain,Alicante,vip,bronze,2025-11-19 06:14:20
C00027,Lucia Vazquez,lucia.vazquez27@example.com,+34 674492127,Spain,Sevilla,at_risk,bronze,2025-10-19 04:52:43
C00028,Marta Garcia,marta.garcia28@example.com,+34 650203896,Spain,Malaga,active,silver,2025-01-30 18:01:23
C00029,Laura Romero,laura.romero29@example.com,+34 699971482,Spain,Valencia,at_risk,platinum,2025-01-05 01:53:21
C00030,Miguel Garcia,miguel.garcia30@example.com,+34 642326130,Spain,Valencia,at_risk,bronze,2025-08-12 18:36:09
C00031,Marta Moreno,marta.moreno31@example.com,+34 625150068,Spain,Sevilla,at_risk,platinum,2025-02-18 18:48:36
C00032,Sofia Romero,sofia.romero32@example.com,+34 686662093,Spain,Madrid,active,silver,2025-08-15 05:42:12
C00033,Paula Garcia,paula.garcia33@example.com,+34 688469954,Spain,Sevilla,at_risk,silver,2025-03-08 11:57:35
C00034,Raul Torres,raul.torres34@example.com,+34 618651613,Spain,Vigo,new,platinum,2026-01-01 03:57:11
C00035,Lucia Vazquez,lucia.vazquez35@example.com,+34 657365971,Spain,Madrid,vip,bronze,2025-09-25 19:35:03
C00036,Marta Sanchez,marta.sanchez36@example.com,+34 684870899,Spain,Malaga,active,bronze,2025-10-01 15:19:48
C00037,Irene Navarro,irene.navarro37@example.com,+34 692283594,Spain,Alicante,at_risk,silver,2025-04-15 17:50:03
C00038,Miguel Gil,miguel.gil38@example.com,+34 614407696,Spain,Sevilla,new,silver,2025-02-02 13:11:00
C00039,Alvaro Moreno,alvaro.moreno39@example.com,+34 675517568,Spain,Vigo,at_risk,gold,2025-01-29 10:39:38
C00040,Javier Moreno,javier.moreno40@example.com,+34 655918771,Spain,Madrid,vip,gold,2025-04-07 16:22:56
C00041,Nuria Ramos,nuria.ramos41@example.com,+34 661879414,Spain,Alicante,at_risk,gold,2025-05-26 02:31:31
C00042,Carmen Romero,carmen.romero42@example.com,+34 657936020,Spain,Vigo,vip,bronze,2025-11-26 17:14:50
C00043,Miguel Ramos,miguel.ramos43@example.com,+34 687962287,Spain,Valencia,vip,gold,2025-03-21 16:33:49
C00044,Miguel Navarro,miguel.navarro44@example.com,+34 694410000,Spain,Bilbao,at_risk,platinum,2025-05-10 10:29:01
C00045,Hugo Torres,hugo.torres45@example.com,+34 667144412,Spain,Malaga,at_risk,gold,2025-02-14 13:13:54
C00046,Miguel Vazquez,miguel.vazquez46@example.com,+34 656638009,Spain,Valencia,new,silver,2025-12-07 08:08:00
C00047,Lucia Perez,lucia.perez47@example.com,+34 618347459,Spain,Malaga,vip,platinum,2026-03-17 14:12:23
C00048,Lucia Castro,lucia.castro48@example.com,+34 629812048,Spain,Alicante,vip,gold,2025-12-11 19:37:41
C00049,Miguel Molina,miguel.molina49@example.com,+34 627655178,Spain,Malaga,at_risk,gold,2025-08-05 11:09:13
C00050,Marta Sanchez,marta.sanchez50@example.com,+34 613871411,Spain,Valencia,at_risk,platinum,2026-03-13 06:20:17
C00051,Sofia Diaz,sofia.diaz51@example.com,+34 643838237,Spain,Alicante,active,gold,2026-01-17 12:38:07
C00052,Javier Sanchez,javier.sanchez52@example.com,+34 627994253,Spain,Barcelona,at_risk,silver,2025-12-12 17:28:26
C00053,Miguel Navarro,miguel.navarro53@example.com,+34 695464301,Spain,Barcelona,vip,gold,2025-05-03 08:06:38
C00054,Elena Torres,elena.torres54@example.com,+34 675335134,Spain,Barcelona,active,silver,2025-07-03 21:04:56
C00055,Carmen Garcia,carmen.garcia55@example.com,+34 656680933,Spain,Murcia,vip,platinum,2026-03-05 11:26:39
C00056,Carlos Castro,carlos.castro56@example.com,+34 621168941,Spain,Bilbao,at_risk,platinum,2026-02-13 07:40:38
C00057,Paula Ramos,paula.ramos57@example.com,+34 683177333,Spain,Valencia,vip,bronze,2025-12-16 12:07:57
C00058,Hugo Serrano,hugo.serrano58@example.com,+34 654234568,Spain,Vigo,active,silver,2025-12-03 00:35:21
C00059,Raul Lopez,raul.lopez59@example.com,+34 625643269,Spain,Valencia,vip,silver,2025-05-06 19:16:58
C00060,Alvaro Ruiz,alvaro.ruiz60@example.com,+34 654644103,Spain,Bilbao,new,gold,2025-06-02 11:19:58
C00061,Irene Diaz,irene.diaz61@example.com,+34 626755383,Spain,Bilbao,new,silver,2026-03-28 00:02:07
C00062,Carlos Gomez,carlos.gomez62@example.com,+34 694754813,Spain,Murcia,vip,bronze,2025-01-23 00:55:12
C00063,Miguel Lopez,miguel.lopez63@example.com,+34 692908475,Spain,Murcia,vip,silver,2026-03-21 09:24:37
C00064,Paula Castro,paula.castro64@example.com,+34 691131757,Spain,Alicante,vip,gold,2026-01-11 02:44:38
C00065,Marta Vazquez,marta.vazquez65@example.com,+34 648575575,Spain,Barcelona,new,silver,2025-12-08 10:50:25
C00066,Paula Romero,paula.romero66@example.com,+34 669313933,Spain,Malaga,active,gold,2025-09-06 00:29:20
C00067,Nuria Vazquez,nuria.vazquez67@example.com,+34 626897615,Spain,Malaga,new,gold,2025-07-07 18:19:13
C00068,Hugo Sanchez,hugo.sanchez68@example.com,+34 644571435,Spain,Sevilla,active,bronze,2025-02-09 07:21:03
C00069,Laura Vazquez,laura.vazquez69@example.com,+34 688538446,Spain,Sevilla,active,gold,2026-03-25 16:52:00
C00070,Alvaro Fernandez,alvaro.fernandez70@example.com,+34 630622469,Spain,Vigo,at_risk,platinum,2025-08-28 15:36:41
C00071,Carmen Garcia,carmen.garcia71@example.com,+34 621512344,Spain,Vigo,at_risk,silver,2025-06-17 02:34:57
C00072,Sergio Torres,sergio.torres72@example.com,+34 616152995,Spain,Bilbao,at_risk,platinum,2025-08-10 22:44:09
C00073,Irene Garcia,irene.garcia73@example.com,+34 623551860,Spain,Valencia,vip,gold,2025-11-10 05:12:02
C00074,Nuria Lopez,nuria.lopez74@example.com,+34 661153642,Spain,Murcia,active,gold,2026-03-06 16:49:22
C00075,Laura Martinez,laura.martinez75@example.com,+34 659628750,Spain,Alicante,vip,bronze,2025-04-10 22:27:33
C00076,Sofia Vazquez,sofia.vazquez76@example.com,+34 657933510,Spain,Malaga,vip,silver,2025-06-04 14:42:28
C00077,Claudia Serrano,claudia.serrano77@example.com,+34 661624369,Spain,Madrid,new,bronze,2025-04-17 10:32:35
C00078,Alvaro Romero,alvaro.romero78@example.com,+34 676579187,Spain,Valencia,active,gold,2025-09-05 09:49:48
C00079,Elena Vazquez,elena.vazquez79@example.com,+34 688875232,Spain,Bilbao,vip,platinum,2026-03-14 05:40:07
C00080,Laura Romero,laura.romero80@example.com,+34 612486251,Spain,Malaga,new,platinum,2026-03-30 08:59:47
C00081,Laura Garcia,laura.garcia81@example.com,+34 686597643,Spain,Bilbao,active,bronze,2026-03-30 05:39:44
C00082,Carmen Gomez,carmen.gomez82@example.com,+34 677759580,Spain,Murcia,at_risk,silver,2025-07-08 02:52:16
C00083,Lucia Molina,lucia.molina83@example.com,+34 699215233,Spain,Sevilla,new,platinum,2025-09-01 15:39:06
C00084,Paula Perez,paula.perez84@example.com,+34 662824042,Spain,Sevilla,at_risk,platinum,2025-02-18 09:00:26
C00085,Carlos Serrano,carlos.serrano85@example.com,+34 636688132,Spain,Malaga,at_risk,platinum,2025-09-01 16:46:20
C00086,Elena Gil,elena.gil86@example.com,+34 678458955,Spain,Vigo,vip,gold,2026-01-12 01:46:16
C00087,Javier Ruiz,javier.ruiz87@example.com,+34 645685196,Spain,Bilbao,active,gold,2025-08-13 11:25:39
C00088,Javier Romero,javier.romero88@example.com,+34 650603110,Spain,Malaga,vip,gold,2025-04-05 15:53:52
C00089,Sergio Ortega,sergio.ortega89@example.com,+34 658513697,Spain,Malaga,active,gold,2025-02-02 16:10:34
C00090,Laura Martinez,laura.martinez90@example.com,+34 654563864,Spain,Bilbao,at_risk,silver,2025-06-06 22:49:14
C00091,Irene Diaz,irene.diaz91@example.com,+34 681829988,Spain,Bilbao,active,bronze,2025-07-05 20:32:27
C00092,Marta Lopez,marta.lopez92@example.com,+34 695656837,Spain,Sevilla,active,bronze,2025-03-19 19:49:31
C00093,Paula Navarro,paula.navarro93@example.com,+34 670205428,Spain,Valencia,new,silver,2025-11-13 01:18:16
C00094,Carmen Romero,carmen.romero94@example.com,+34 693309144,Spain,Bilbao,vip,gold,2025-02-15 22:52:13
C00095,Miguel Molina,miguel.molina95@example.com,+34 639661147,Spain,Madrid,active,platinum,2025-05-17 12:56:20
C00096,Lucia Vazquez,lucia.vazquez96@example.com,+34 673295361,Spain,Bilbao,new,bronze,2025-08-20 18:26:02
C00097,Sergio Castro,sergio.castro97@example.com,+34 623451317,Spain,Bilbao,at_risk,platinum,2025-04-15 05:40:05
C00098,Raul Gil,raul.gil98@example.com,+34 644302177,Spain,Barcelona,vip,silver,2025-12-23 10:47:08
C00099,Diego Gomez,diego.gomez99@example.com,+34 611872399,Spain,Malaga,vip,silver,2025-05-17 07:27:44
C00100,Claudia Vazquez,claudia.vazquez100@example.com,+34 664640310,Spain,Malaga,new,platinum,2025-03-16 02:06:26
C00101,Elena Perez,elena.perez101@example.com,+34 671439320,Spain,Sevilla,new,gold,2025-10-25 22:20:41
C00102,Marta Gil,marta.gil102@example.com,+34 644445637,Spain,Bilbao,new,gold,2025-10-07 06:32:12
C00103,Marta Lopez,marta.lopez103@example.com,+34 695223967,Spain,Alicante,vip,silver,2025-11-11 21:30:48
C00104,Raul Moreno,raul.moreno104@example.com,+34 698223119,Spain,Bilbao,vip,silver,2025-06-20 04:51:11
C00105,Carlos Romero,carlos.romero105@example.com,+34 629577079,Spain,Murcia,vip,platinum,2026-03-03 14:28:23
C00106,Carmen Ortega,carmen.ortega106@example.com,+34 695965708,Spain,Sevilla,active,bronze,2026-02-13 04:09:14
C00107,Hugo Serrano,hugo.serrano107@example.com,+34 656181896,Spain,Murcia,new,bronze,2026-03-02 08:55:18
C00108,Raul Fernandez,raul.fernandez108@example.com,+34 683662728,Spain,Valencia,active,gold,2026-02-09 03:52:09
C00109,Hugo Sanchez,hugo.sanchez109@example.com,+34 697315379,Spain,Murcia,at_risk,bronze,2026-02-01 10:05:10
C00110,Hugo Lopez,hugo.lopez110@example.com,+34 668238353,Spain,Vigo,at_risk,platinum,2026-03-15 00:03:59
C00111,Lucia Ortega,lucia.ortega111@example.com,+34 669805448,Spain,Bilbao,new,platinum,2025-07-17 15:25:34
C00112,Pablo Fernandez,pablo.fernandez112@example.com,+34 684176577,Spain,Madrid,at_risk,gold,2025-02-19 12:34:15
C00113,Irene Lopez,irene.lopez113@example.com,+34 618595002,Spain,Madrid,vip,platinum,2025-05-20 19:05:42
C00114,Carlos Ramos,carlos.ramos114@example.com,+34 657501058,Spain,Alicante,at_risk,platinum,2025-03-04 07:58:05
C00115,Irene Perez,irene.perez115@example.com,+34 693464663,Spain,Barcelona,active,platinum,2026-02-15 18:20:22
C00116,Carlos Ruiz,carlos.ruiz116@example.com,+34 610892911,Spain,Madrid,vip,platinum,2026-02-27 21:11:48
C00117,Paula Ortega,paula.ortega117@example.com,+34 658963355,Spain,Sevilla,active,platinum,2025-09-26 20:53:06
C00118,Carlos Diaz,carlos.diaz118@example.com,+34 634860242,Spain,Barcelona,new,platinum,2025-01-13 03:39:31
C00119,Marta Fernandez,marta.fernandez119@example.com,+34 618205797,Spain,Murcia,new,platinum,2025-02-07 19:23:32
C00120,Marta Lopez,marta.lopez120@example.com,+34 661560285,Spain,Sevilla,active,bronze,2025-04-19 20:18:59
C00121,Raul Moreno,raul.moreno121@example.com,+34 639955413,Spain,Murcia,vip,gold,2025-07-04 00:12:40
C00122,Laura Perez,laura.perez122@example.com,+34 694646571,Spain,Sevilla,at_risk,gold,2025-08-02 17:14:27
C00123,Lucia Ortega,lucia.ortega123@example.com,+34 685870925,Spain,Valencia,at_risk,platinum,2025-02-06 09:58:58
C00124,Nuria Vazquez,nuria.vazquez124@example.com,+34 677434217,Spain,Zaragoza,at_risk,silver,2025-08-21 22:19:36
C00125,Adrian Gomez,adrian.gomez125@example.com,+34 678596520,Spain,Sevilla,active,gold,2025-04-23 02:54:41
C00126,Hugo Lopez,hugo.lopez126@example.com,+34 681532723,Spain,Zaragoza,active,platinum,2025-07-08 15:12:39
C00127,Diego Fernandez,diego.fernandez127@example.com,+34 652778120,Spain,Barcelona,at_risk,gold,2025-03-13 19:39:13
C00128,Irene Fernandez,irene.fernandez128@example.com,+34 616381502,Spain,Zaragoza,new,bronze,2025-05-27 03:37:04
C00129,Sergio Ortega,sergio.ortega129@example.com,+34 637602681,Spain,Sevilla,vip,gold,2025-01-12 21:50:27
C00130,Javier Fernandez,javier.fernandez130@example.com,+34 625883159,Spain,Alicante,active,silver,2025-11-05 01:45:26
C00131,Marta Ortega,marta.ortega131@example.com,+34 651913185,Spain,Bilbao,at_risk,platinum,2026-02-19 11:57:33
C00132,Nuria Moreno,nuria.moreno132@example.com,+34 643477114,Spain,Vigo,at_risk,platinum,2025-03-18 14:11:26
C00133,Carmen Navarro,carmen.navarro133@example.com,+34 636488712,Spain,Malaga,at_risk,bronze,2026-03-13 22:13:15
C00134,Marta Perez,marta.perez134@example.com,+34 612373441,Spain,Vigo,at_risk,gold,2025-04-29 09:09:16
C00135,Javier Navarro,javier.navarro135@example.com,+34 639498290,Spain,Murcia,active,platinum,2026-03-04 16:43:14
C00136,Alvaro Diaz,alvaro.diaz136@example.com,+34 672858705,Spain,Alicante,at_risk,silver,2025-10-01 13:02:22
C00137,Elena Perez,elena.perez137@example.com,+34 679612036,Spain,Valencia,new,bronze,2025-02-27 17:37:09
C00138,Lucia Garcia,lucia.garcia138@example.com,+34 662244170,Spain,Sevilla,new,silver,2025-01-08 02:24:33
C00139,Javier Serrano,javier.serrano139@example.com,+34 668491329,Spain,Madrid,at_risk,platinum,2025-01-13 05:15:41
C00140,Pablo Ortega,pablo.ortega140@example.com,+34 680531319,Spain,Madrid,new,gold,2026-02-21 02:52:55
C00141,Laura Garcia,laura.garcia141@example.com,+34 674952657,Spain,Zaragoza,active,bronze,2025-03-16 19:25:15
C00142,Raul Perez,raul.perez142@example.com,+34 640301255,Spain,Murcia,vip,gold,2025-07-27 15:17:39
C00143,Adrian Martinez,adrian.martinez143@example.com,+34 657525750,Spain,Alicante,active,silver,2025-08-21 23:55:57
C00144,Miguel Lopez,miguel.lopez144@example.com,+34 621524965,Spain,Zaragoza,at_risk,platinum,2025-02-13 14:03:29
C00145,Pablo Gomez,pablo.gomez145@example.com,+34 620624139,Spain,Zaragoza,vip,bronze,2026-02-15 05:36:02
C00146,Lucia Ruiz,lucia.ruiz146@example.com,+34 637825916,Spain,Murcia,at_risk,gold,2025-02-06 03:58:40
C00147,Miguel Diaz,miguel.diaz147@example.com,+34 679690882,Spain,Madrid,active,gold,2025-01-13 03:53:16
C00148,Javier Molina,javier.molina148@example.com,+34 628888795,Spain,Zaragoza,new,gold,2025-05-07 04:17:31
C00149,Sergio Ruiz,sergio.ruiz149@example.com,+34 682975194,Spain,Zaragoza,vip,platinum,2025-04-19 16:52:05
C00150,Miguel Serrano,miguel.serrano150@example.com,+34 654156304,Spain,Barcelona,at_risk,silver,2025-03-01 01:04:58
C00151,Alvaro Castro,alvaro.castro151@example.com,+34 688724540,Spain,Zaragoza,vip,bronze,2025-08-01 07:11:06
C00152,Hugo Romero,hugo.romero152@example.com,+34 639473095,Spain,Vigo,at_risk,platinum,2025-05-25 06:24:15
C00153,Sergio Vazquez,sergio.vazquez153@example.com,+34 620909676,Spain,Murcia,vip,silver,2025-02-27 02:15:50
C00154,Miguel Diaz,miguel.diaz154@example.com,+34 629498458,Spain,Valencia,at_risk,gold,2025-10-08 03:56:22
C00155,Sofia Martinez,sofia.martinez155@example.com,+34 610423241,Spain,Alicante,vip,gold,2025-03-21 09:43:54
C00156,Carlos Martinez,carlos.martinez156@example.com,+34 633551914,Spain,Alicante,at_risk,bronze,2025-01-21 09:33:26
C00157,Miguel Torres,miguel.torres157@example.com,+34 680197584,Spain,Murcia,vip,platinum,2025-01-10 14:02:44
C00158,Laura Ramos,laura.ramos158@example.com,+34 659917018,Spain,Barcelona,active,silver,2025-10-23 17:21:33
C00159,Elena Perez,elena.perez159@example.com,+34 644415759,Spain,Bilbao,at_risk,silver,2025-02-19 03:23:06
C00160,Elena Ramos,elena.ramos160@example.com,+34 645541557,Spain,Bilbao,at_risk,bronze,2025-10-08 11:51:22
C00161,Diego Ruiz,diego.ruiz161@example.com,+34 690619886,Spain,Murcia,active,platinum,2025-03-25 02:06:34
C00162,Carlos Moreno,carlos.moreno162@example.com,+34 610514913,Spain,Malaga,at_risk,gold,2025-12-08 22:21:00
C00163,Alvaro Ramos,alvaro.ramos163@example.com,+34 693723266,Spain,Valencia,vip,gold,2025-06-06 00:08:35
C00164,Carmen Navarro,carmen.navarro164@example.com,+34 632517584,Spain,Malaga,vip,platinum,2026-03-24 07:10:04
C00165,Marta Navarro,marta.navarro165@example.com,+34 658393916,Spain,Zaragoza,vip,bronze,2026-03-14 22:56:07
C00166,Javier Molina,javier.molina166@example.com,+34 679288667,Spain,Vigo,new,platinum,2025-06-12 20:07:45
C00167,Hugo Moreno,hugo.moreno167@example.com,+34 698172518,Spain,Zaragoza,at_risk,silver,2025-08-24 05:12:34
C00168,Marta Diaz,marta.diaz168@example.com,+34 694261630,Spain,Zaragoza,at_risk,bronze,2025-12-15 19:12:37
C00169,Claudia Romero,claudia.romero169@example.com,+34 684520274,Spain,Vigo,at_risk,bronze,2025-10-07 06:06:55
C00170,Irene Castro,irene.castro170@example.com,+34 691189110,Spain,Barcelona,active,gold,2025-05-10 04:46:27
C00171,Claudia Lopez,claudia.lopez171@example.com,+34 682776364,Spain,Zaragoza,vip,platinum,2025-03-24 06:56:58
C00172,Pablo Sanchez,pablo.sanchez172@example.com,+34 643332785,Spain,Vigo,active,platinum,2025-10-18 14:05:39
C00173,Adrian Gil,adrian.gil173@example.com,+34 696717181,Spain,Vigo,active,gold,2025-01-20 01:52:51
C00174,Carmen Sanchez,carmen.sanchez174@example.com,+34 647536181,Spain,Barcelona,new,silver,2025-09-28 13:19:00
C00175,Laura Navarro,laura.navarro175@example.com,+34 668922366,Spain,Sevilla,at_risk,gold,2026-01-05 20:18:46
C00176,Sofia Gil,sofia.gil176@example.com,+34 699574425,Spain,Malaga,new,gold,2025-02-04 16:57:08
C00177,Sofia Garcia,sofia.garcia177@example.com,+34 653779445,Spain,Barcelona,active,silver,2026-02-05 18:49:24
C00178,Elena Ortega,elena.ortega178@example.com,+34 630447067,Spain,Vigo,at_risk,platinum,2025-06-30 02:06:02
C00179,Adrian Gomez,adrian.gomez179@example.com,+34 633771590,Spain,Zaragoza,at_risk,bronze,2025-06-03 06:23:38
C00180,Hugo Molina,hugo.molina180@example.com,+34 664507723,Spain,Madrid,active,silver,2025-08-05 04:43:25
C00181,Miguel Molina,miguel.molina181@example.com,+34 623938338,Spain,Vigo,active,gold,2025-09-11 04:47:57
C00182,Javier Gil,javier.gil182@example.com,+34 624375097,Spain,Alicante,vip,platinum,2025-11-01 21:33:02
C00183,Sergio Sanchez,sergio.sanchez183@example.com,+34 654469082,Spain,Alicante,active,gold,2025-03-07 19:53:28
C00184,Carlos Navarro,carlos.navarro184@example.com,+34 625350161,Spain,Bilbao,new,silver,2025-10-17 22:55:46
C00185,Carlos Serrano,carlos.serrano185@example.com,+34 659538555,Spain,Murcia,active,platinum,2025-11-25 14:00:52
C00186,Elena Romero,elena.romero186@example.com,+34 691663483,Spain,Valencia,active,platinum,2025-08-13 08:16:13
C00187,Carlos Gomez,carlos.gomez187@example.com,+34 650982885,Spain,Alicante,new,gold,2025-01-08 10:38:53
C00188,Carmen Perez,carmen.perez188@example.com,+34 634954815,Spain,Zaragoza,at_risk,platinum,2026-01-17 22:26:05
C00189,Paula Gil,paula.gil189@example.com,+34 672275377,Spain,Barcelona,new,silver,2025-08-15 20:57:02
C00190,Lucia Diaz,lucia.diaz190@example.com,+34 638663723,Spain,Bilbao,active,platinum,2026-03-16 08:29:19
C00191,Carmen Ortega,carmen.ortega191@example.com,+34 675218710,Spain,Murcia,new,gold,2026-02-26 20:13:58
C00192,Nuria Ortega,nuria.ortega192@example.com,+34 615896922,Spain,Alicante,active,platinum,2025-03-21 13:10:50
C00193,Marta Moreno,marta.moreno193@example.com,+34 614571578,Spain,Bilbao,vip,bronze,2025-12-08 00:51:22
C00194,Sofia Ruiz,sofia.ruiz194@example.com,+34 636950083,Spain,Murcia,vip,platinum,2025-05-09 22:07:17
C00195,Claudia Perez,claudia.perez195@example.com,+34 636953047,Spain,Sevilla,new,gold,2026-02-18 10:25:59
C00196,Diego Castro,diego.castro196@example.com,+34 678276556,Spain,Malaga,vip,gold,2026-03-21 20:33:54
C00197,Diego Serrano,diego.serrano197@example.com,+34 696954779,Spain,Barcelona,active,platinum,2025-02-16 01:10:08
C00198,Diego Perez,diego.perez198@example.com,+34 699239136,Spain,Sevilla,active,gold,2025-07-12 06:45:17
C00199,Adrian Romero,adrian.romero199@example.com,+34 628705474,Spain,Bilbao,at_risk,platinum,2025-12-18 01:44:11
C00200,Miguel Martinez,miguel.martinez200@example.com,+34 661640659,Spain,Bilbao,vip,platinum,2026-01-15 01:48:30
C00201,Alvaro Molina,alvaro.molina201@example.com,+34 610911739,Spain,Barcelona,at_risk,gold,2025-02-19 04:34:10
C00202,Irene Vazquez,irene.vazquez202@example.com,+34 637550513,Spain,Sevilla,at_risk,gold,2025-09-08 18:38:33
C00203,Laura Navarro,laura.navarro203@example.com,+34 680706007,Spain,Valencia,at_risk,gold,2025-02-07 14:24:50
C00204,Lucia Sanchez,lucia.sanchez204@example.com,+34 690921967,Spain,Alicante,new,bronze,2025-05-03 17:01:34
C00205,Hugo Gil,hugo.gil205@example.com,+34 610548580,Spain,Sevilla,active,gold,2025-05-04 11:33:16
C00206,Diego Martinez,diego.martinez206@example.com,+34 693477943,Spain,Bilbao,new,gold,2025-05-09 13:36:40
C00207,Lucia Vazquez,lucia.vazquez207@example.com,+34 690420349,Spain,Sevilla,at_risk,bronze,2025-03-15 22:21:08
C00208,Pablo Fernandez,pablo.fernandez208@example.com,+34 671181724,Spain,Valencia,active,platinum,2025-01-08 05:07:16
C00209,Pablo Navarro,pablo.navarro209@example.com,+34 625542828,Spain,Valencia,at_risk,bronze,2025-06-27 19:52:44
C00210,Adrian Martinez,adrian.martinez210@example.com,+34 623208214,Spain,Malaga,vip,gold,2025-04-17 12:16:31
C00211,Adrian Perez,adrian.perez211@example.com,+34 692810029,Spain,Valencia,new,bronze,2025-05-08 11:21:15
C00212,Hugo Torres,hugo.torres212@example.com,+34 637758589,Spain,Valencia,at_risk,platinum,2025-06-18 17:44:03
C00213,Miguel Sanchez,miguel.sanchez213@example.com,+34 627888996,Spain,Barcelona,at_risk,gold,2025-11-30 12:23:10
C00214,Alvaro Perez,alvaro.perez214@example.com,+34 641390421,Spain,Barcelona,active,gold,2025-01-21 20:02:35
C00215,Laura Fernandez,laura.fernandez215@example.com,+34 676736408,Spain,Vigo,active,platinum,2025-08-18 13:18:11
C00216,Lucia Ruiz,lucia.ruiz216@example.com,+34 673504630,Spain,Barcelona,active,platinum,2025-02-25 03:45:34
C00217,Raul Garcia,raul.garcia217@example.com,+34 656431845,Spain,Valencia,at_risk,platinum,2025-10-11 19:46:55
C00218,Irene Gomez,irene.gomez218@example.com,+34 670907788,Spain,Barcelona,new,bronze,2025-01-11 17:07:41
C00219,Diego Fernandez,diego.fernandez219@example.com,+34 615163406,Spain,Zaragoza,vip,platinum,2025-11-26 00:00:52
C00220,Adrian Martinez,adrian.martinez220@example.com,+34 691662628,Spain,Vigo,active,gold,2025-03-06 22:21:44
C00221,Laura Martinez,laura.martinez221@example.com,+34 675313068,Spain,Valencia,vip,platinum,2025-02-21 08:28:28
C00222,Laura Ramos,laura.ramos222@example.com,+34 640160718,Spain,Sevilla,new,platinum,2025-04-01 02:08:47
C00223,Hugo Castro,hugo.castro223@example.com,+34 687157701,Spain,Bilbao,active,bronze,2025-01-10 20:05:31
C00224,Carlos Garcia,carlos.garcia224@example.com,+34 630620526,Spain,Malaga,vip,silver,2025-10-16 20:08:55
C00225,Carlos Diaz,carlos.diaz225@example.com,+34 625908903,Spain,Madrid,vip,platinum,2025-07-31 06:05:08
C00226,Raul Martinez,raul.martinez226@example.com,+34 643846925,Spain,Murcia,new,platinum,2025-12-20 13:30:05
C00227,Raul Torres,raul.torres227@example.com,+34 617623879,Spain,Murcia,active,gold,2025-05-03 04:28:14
C00228,Diego Sanchez,diego.sanchez228@example.com,+34 683806866,Spain,Barcelona,active,bronze,2025-02-04 04:55:33
C00229,Pablo Ruiz,pablo.ruiz229@example.com,+34 615594681,Spain,Malaga,at_risk,silver,2025-05-20 00:04:24
C00230,Lucia Ortega,lucia.ortega230@example.com,+34 693539740,Spain,Sevilla,vip,silver,2025-11-20 07:35:07
C00231,Alvaro Diaz,alvaro.diaz231@example.com,+34 619699298,Spain,Malaga,new,bronze,2025-05-20 07:13:15
C00232,Marta Serrano,marta.serrano232@example.com,+34 615520400,Spain,Barcelona,at_risk,gold,2025-08-30 07:49:34
C00233,Alvaro Martinez,alvaro.martinez233@example.com,+34 680578933,Spain,Madrid,vip,silver,2025-08-15 11:43:35
C00234,Sergio Moreno,sergio.moreno234@example.com,+34 689354367,Spain,Alicante,vip,platinum,2025-06-01 18:56:16
C00235,Irene Ruiz,irene.ruiz235@example.com,+34 629106687,Spain,Zaragoza,new,silver,2026-02-25 15:08:03
C00236,Nuria Garcia,nuria.garcia236@example.com,+34 652101533,Spain,Zaragoza,vip,bronze,2025-06-09 09:06:01
C00237,Raul Ruiz,raul.ruiz237@example.com,+34 663615929,Spain,Madrid,active,gold,2025-03-14 06:08:32
C00238,Lucia Ruiz,lucia.ruiz238@example.com,+34 676533121,Spain,Malaga,at_risk,bronze,2026-03-28 02:20:57
C00239,Sofia Serrano,sofia.serrano239@example.com,+34 627768169,Spain,Zaragoza,new,bronze,2025-12-04 20:40:06
C00240,Carlos Ruiz,carlos.ruiz240@example.com,+34 647373668,Spain,Malaga,at_risk,gold,2025-09-05 01:01:32
C00241,Hugo Diaz,hugo.diaz241@example.com,+34 639178315,Spain,Sevilla,active,bronze,2025-05-01 17:03:45
C00242,Sofia Gomez,sofia.gomez242@example.com,+34 667588694,Spain,Malaga,at_risk,bronze,2026-02-21 06:21:27
C00243,Nuria Fernandez,nuria.fernandez243@example.com,+34 667423284,Spain,Alicante,vip,bronze,2025-03-12 05:34:03
C00244,Elena Moreno,elena.moreno244@example.com,+34 699732608,Spain,Madrid,active,gold,2025-04-26 04:57:21
C00245,Miguel Ruiz,miguel.ruiz245@example.com,+34 655515492,Spain,Vigo,new,gold,2025-07-22 01:51:37
C00246,Elena Garcia,elena.garcia246@example.com,+34 661996114,Spain,Alicante,active,bronze,2025-12-25 21:06:37
C00247,Sofia Perez,sofia.perez247@example.com,+34 625112537,Spain,Madrid,active,silver,2025-06-03 21:28:02
C00248,Adrian Torres,adrian.torres248@example.com,+34 697760914,Spain,Barcelona,vip,bronze,2025-01-17 22:23:05
C00249,Miguel Fernandez,miguel.fernandez249@example.com,+34 692564971,Spain,Valencia,new,gold,2025-04-06 04:04:52
C00250,Lucia Gil,lucia.gil250@example.com,+34 616276149,Spain,Murcia,at_risk,platinum,2026-01-21 08:27:58
C00251,Pablo Vazquez,pablo.vazquez251@example.com,+34 697547389,Spain,Valencia,vip,silver,2025-05-26 08:44:58
C00252,Diego Diaz,diego.diaz252@example.com,+34 667255851,Spain,Madrid,active,gold,2026-01-23 12:00:49
C00253,Paula Ortega,paula.ortega253@example.com,+34 671163941,Spain,Barcelona,vip,platinum,2025-04-17 14:15:53
C00254,Paula Fernandez,paula.fernandez254@example.com,+34 692935922,Spain,Vigo,active,bronze,2025-10-25 02:16:51
C00255,Nuria Romero,nuria.romero255@example.com,+34 679919394,Spain,Alicante,vip,gold,2025-10-29 15:57:06
C00256,Diego Gomez,diego.gomez256@example.com,+34 613434367,Spain,Murcia,active,bronze,2025-08-07 04:57:52
C00257,Lucia Romero,lucia.romero257@example.com,+34 677474795,Spain,Murcia,active,silver,2025-03-19 18:38:21
C00258,Marta Ruiz,marta.ruiz258@example.com,+34 644659614,Spain,Madrid,active,platinum,2025-10-03 14:02:15
C00259,Elena Gomez,elena.gomez259@example.com,+34 640721301,Spain,Malaga,vip,bronze,2025-10-01 03:49:49
C00260,Sergio Molina,sergio.molina260@example.com,+34 628690462,Spain,Sevilla,at_risk,gold,2025-05-17 08:36:55
C00261,Carmen Lopez,carmen.lopez261@example.com,+34 621158896,Spain,Sevilla,active,bronze,2026-02-13 21:42:41
C00262,Carmen Garcia,carmen.garcia262@example.com,+34 652743966,Spain,Sevilla,active,gold,2025-05-18 20:05:30
C00263,Alvaro Lopez,alvaro.lopez263@example.com,+34 612254887,Spain,Murcia,active,bronze,2026-02-13 18:50:51
C00264,Nuria Martinez,nuria.martinez264@example.com,+34 657838761,Spain,Zaragoza,new,gold,2025-08-23 09:18:36
C00265,Alvaro Perez,alvaro.perez265@example.com,+34 630867926,Spain,Zaragoza,at_risk,gold,2025-05-16 07:22:23
C00266,Irene Castro,irene.castro266@example.com,+34 655334081,Spain,Murcia,active,platinum,2025-08-27 07:35:58
C00267,Laura Perez,laura.perez267@example.com,+34 632864234,Spain,Madrid,at_risk,bronze,2025-05-22 10:14:59
C00268,Claudia Navarro,claudia.navarro268@example.com,+34 688331625,Spain,Murcia,new,platinum,2025-04-20 05:46:56
C00269,Alvaro Martinez,alvaro.martinez269@example.com,+34 640463656,Spain,Malaga,active,bronze,2025-09-18 18:49:25
C00270,Hugo Garcia,hugo.garcia270@example.com,+34 643319869,Spain,Sevilla,new,gold,2025-07-19 08:27:02
C00271,Sofia Garcia,sofia.garcia271@example.com,+34 616504684,Spain,Alicante,at_risk,silver,2025-11-18 13:52:35
C00272,Carmen Vazquez,carmen.vazquez272@example.com,+34 654672547,Spain,Zaragoza,new,platinum,2026-03-25 23:44:07
C00273,Marta Gomez,marta.gomez273@example.com,+34 667177289,Spain,Madrid,vip,bronze,2025-09-05 13:18:49
C00274,Diego Sanchez,diego.sanchez274@example.com,+34 619458411,Spain,Valencia,at_risk,silver,2025-02-28 06:08:47
C00275,Irene Martinez,irene.martinez275@example.com,+34 653722886,Spain,Murcia,at_risk,bronze,2025-12-02 00:26:58
C00276,Elena Castro,elena.castro276@example.com,+34 665264735,Spain,Madrid,new,gold,2025-06-09 15:44:18
C00277,Javier Ramos,javier.ramos277@example.com,+34 699681028,Spain,Vigo,vip,gold,2025-08-19 23:56:59
C00278,Marta Sanchez,marta.sanchez278@example.com,+34 616511987,Spain,Murcia,at_risk,silver,2025-02-12 08:02:38
C00279,Nuria Garcia,nuria.garcia279@example.com,+34 664191884,Spain,Bilbao,at_risk,silver,2025-03-17 07:58:00
C00280,Pablo Fernandez,pablo.fernandez280@example.com,+34 631769191,Spain,Bilbao,new,platinum,2025-03-31 17:14:32
C00281,Laura Vazquez,laura.vazquez281@example.com,+34 670612855,Spain,Bilbao,new,platinum,2025-05-24 14:26:08
C00282,Nuria Vazquez,nuria.vazquez282@example.com,+34 657295646,Spain,Alicante,new,gold,2025-12-08 13:21:20
C00283,Hugo Diaz,hugo.diaz283@example.com,+34 638977740,Spain,Bilbao,new,silver,2025-03-17 02:40:03
C00284,Miguel Torres,miguel.torres284@example.com,+34 679534096,Spain,Murcia,active,bronze,2025-10-28 16:10:50
C00285,Raul Ramos,raul.ramos285@example.com,+34 678820442,Spain,Alicante,active,platinum,2025-08-21 03:00:25
C00286,Miguel Vazquez,miguel.vazquez286@example.com,+34 614626491,Spain,Murcia,active,bronze,2025-12-15 18:42:26
C00287,Elena Gomez,elena.gomez287@example.com,+34 637947732,Spain,Sevilla,active,bronze,2025-11-25 20:16:48
C00288,Miguel Ramos,miguel.ramos288@example.com,+34 635962520,Spain,Valencia,vip,gold,2025-02-22 01:11:36
C00289,Miguel Vazquez,miguel.vazquez289@example.com,+34 681516656,Spain,Vigo,vip,gold,2026-02-08 15:41:23
C00290,Hugo Garcia,hugo.garcia290@example.com,+34 699753323,Spain,Murcia,at_risk,bronze,2025-11-18 21:45:58
C00291,Carlos Perez,carlos.perez291@example.com,+34 682716493,Spain,Murcia,new,bronze,2026-03-14 01:11:07
C00292,Sofia Moreno,sofia.moreno292@example.com,+34 678460572,Spain,Zaragoza,vip,platinum,2026-01-13 03:57:23
C00293,Sergio Castro,sergio.castro293@example.com,+34 670139285,Spain,Valencia,vip,platinum,2025-04-22 17:36:29
C00294,Claudia Castro,claudia.castro294@example.com,+34 697827356,Spain,Zaragoza,new,platinum,2025-09-15 11:29:50
C00295,Marta Lopez,marta.lopez295@example.com,+34 670381631,Spain,Malaga,new,gold,2025-08-24 09:21:13
C00296,Laura Diaz,laura.diaz296@example.com,+34 672999924,Spain,Barcelona,active,silver,2025-08-22 09:21:41
C00297,Hugo Navarro,hugo.navarro297@example.com,+34 644864201,Spain,Zaragoza,new,silver,2025-12-10 02:11:39
C00298,Javier Ramos,javier.ramos298@example.com,+34 672896386,Spain,Vigo,vip,bronze,2026-02-05 05:19:24
C00299,Elena Martinez,elena.martinez299@example.com,+34 649844037,Spain,Vigo,at_risk,silver,2026-02-12 05:24:12
C00300,Sergio Garcia,sergio.garcia300@example.com,+34 632302127,Spain,Sevilla,new,silver,2025-01-26 16:29:20
C00301,Hugo Lopez,hugo.lopez301@example.com,+34 656838862,Spain,Sevilla,vip,gold,2025-12-27 13:39:33
C00302,Raul Vazquez,raul.vazquez302@example.com,+34 691229890,Spain,Madrid,active,gold,2026-01-15 15:38:42
C00303,Claudia Gil,claudia.gil303@example.com,+34 632597635,Spain,Murcia,vip,gold,2025-05-08 00:06:52
C00304,Diego Martinez,diego.martinez304@example.com,+34 646128783,Spain,Zaragoza,new,silver,2026-03-21 11:39:48
C00305,Javier Ruiz,javier.ruiz305@example.com,+34 692336047,Spain,Sevilla,vip,platinum,2026-02-03 16:15:20
C00306,Pablo Garcia,pablo.garcia306@example.com,+34 670238741,Spain,Valencia,new,silver,2025-07-16 00:53:55
C00307,Claudia Moreno,claudia.moreno307@example.com,+34 692388755,Spain,Zaragoza,at_risk,gold,2025-12-23 12:20:35
C00308,Diego Fernandez,diego.fernandez308@example.com,+34 669416822,Spain,Vigo,at_risk,bronze,2025-01-06 16:58:07
C00309,Raul Torres,raul.torres309@example.com,+34 681778787,Spain,Murcia,vip,gold,2025-03-25 23:12:52
C00310,Carmen Martinez,carmen.martinez310@example.com,+34 653389913,Spain,Malaga,vip,gold,2025-08-21 01:52:12
C00311,Javier Perez,javier.perez311@example.com,+34 676902658,Spain,Sevilla,new,platinum,2025-09-06 05:30:35
C00312,Carlos Garcia,carlos.garcia312@example.com,+34 693621533,Spain,Bilbao,vip,platinum,2025-11-11 06:16:12
C00313,Adrian Lopez,adrian.lopez313@example.com,+34 684842464,Spain,Murcia,active,gold,2025-06-22 17:09:01
C00314,Irene Romero,irene.romero314@example.com,+34 695475911,Spain,Vigo,vip,silver,2026-03-10 14:29:52
C00315,Elena Moreno,elena.moreno315@example.com,+34 622593649,Spain,Valencia,vip,silver,2025-09-18 16:38:33
C00316,Miguel Ruiz,miguel.ruiz316@example.com,+34 655334176,Spain,Bilbao,at_risk,gold,2025-10-16 16:39:45
C00317,Diego Molina,diego.molina317@example.com,+34 647586288,Spain,Barcelona,at_risk,bronze,2026-03-30 06:37:09
C00318,Sergio Castro,sergio.castro318@example.com,+34 619595158,Spain,Sevilla,new,platinum,2026-02-16 12:54:20
C00319,Laura Ramos,laura.ramos319@example.com,+34 616995735,Spain,Valencia,active,silver,2025-09-24 03:49:46
C00320,Paula Molina,paula.molina320@example.com,+34 668250181,Spain,Malaga,active,bronze,2026-01-14 17:09:56
C00321,Alvaro Gomez,alvaro.gomez321@example.com,+34 650765320,Spain,Madrid,new,platinum,2025-08-01 10:55:44
C00322,Javier Gomez,javier.gomez322@example.com,+34 683901619,Spain,Valencia,at_risk,bronze,2025-04-11 12:18:06
C00323,Claudia Ramos,claudia.ramos323@example.com,+34 691550268,Spain,Zaragoza,at_risk,platinum,2025-10-25 17:32:09
C00324,Pablo Lopez,pablo.lopez324@example.com,+34 678309100,Spain,Malaga,new,gold,2026-02-17 11:11:14
C00325,Javier Garcia,javier.garcia325@example.com,+34 696104324,Spain,Sevilla,active,gold,2025-08-31 09:49:17
C00326,Carlos Sanchez,carlos.sanchez326@example.com,+34 659627786,Spain,Murcia,vip,silver,2025-02-20 17:02:17
C00327,Lucia Moreno,lucia.moreno327@example.com,+34 647578073,Spain,Vigo,vip,platinum,2025-04-14 22:00:56
C00328,Alvaro Romero,alvaro.romero328@example.com,+34 655886553,Spain,Sevilla,active,platinum,2025-01-15 20:30:39
C00329,Marta Ruiz,marta.ruiz329@example.com,+34 626321449,Spain,Madrid,active,bronze,2025-10-12 17:45:35
C00330,Lucia Vazquez,lucia.vazquez330@example.com,+34 691368214,Spain,Vigo,new,bronze,2025-03-25 23:22:50
C00331,Pablo Lopez,pablo.lopez331@example.com,+34 698221414,Spain,Zaragoza,at_risk,platinum,2025-04-06 23:58:44
C00332,Irene Diaz,irene.diaz332@example.com,+34 670835962,Spain,Valencia,active,bronze,2025-08-22 21:13:03
C00333,Paula Sanchez,paula.sanchez333@example.com,+34 694645583,Spain,Bilbao,active,platinum,2025-03-23 11:44:35
C00334,Raul Castro,raul.castro334@example.com,+34 625396439,Spain,Barcelona,new,platinum,2025-06-04 07:02:31
C00335,Claudia Fernandez,claudia.fernandez335@example.com,+34 643971889,Spain,Vigo,active,gold,2025-11-15 06:24:35
C00336,Laura Gomez,laura.gomez336@example.com,+34 615674765,Spain,Alicante,active,platinum,2025-09-14 18:53:53
C00337,Marta Garcia,marta.garcia337@example.com,+34 611804258,Spain,Barcelona,new,platinum,2025-04-26 20:15:17
C00338,Miguel Serrano,miguel.serrano338@example.com,+34 619858711,Spain,Barcelona,vip,silver,2025-12-21 18:27:36
C00339,Laura Diaz,laura.diaz339@example.com,+34 669152512,Spain,Barcelona,active,bronze,2025-08-14 16:33:53
C00340,Nuria Navarro,nuria.navarro340@example.com,+34 664874415,Spain,Barcelona,new,bronze,2025-01-08 12:18:18
C00341,Carlos Gomez,carlos.gomez341@example.com,+34 652474894,Spain,Alicante,vip,bronze,2025-10-17 10:10:49
C00342,Alvaro Gomez,alvaro.gomez342@example.com,+34 624520245,Spain,Zaragoza,at_risk,gold,2025-10-27 14:15:28
C00343,Carmen Ramos,carmen.ramos343@example.com,+34 693935620,Spain,Valencia,new,silver,2025-02-15 13:14:52
C00344,Elena Sanchez,elena.sanchez344@example.com,+34 663719446,Spain,Alicante,at_risk,silver,2025-10-22 23:04:03
C00345,Nuria Castro,nuria.castro345@example.com,+34 613817712,Spain,Valencia,at_risk,platinum,2025-03-29 17:18:25
C00346,Paula Gil,paula.gil346@example.com,+34 615166412,Spain,Bilbao,vip,bronze,2026-02-12 15:18:53
C00347,Sergio Molina,sergio.molina347@example.com,+34 638802382,Spain,Malaga,new,platinum,2025-07-13 01:48:39
C00348,Carmen Torres,carmen.torres348@example.com,+34 694809147,Spain,Zaragoza,active,bronze,2025-01-10 01:04:33
C00349,Elena Serrano,elena.serrano349@example.com,+34 670993251,Spain,Alicante,active,bronze,2026-01-17 20:58:56
C00350,Alvaro Ruiz,alvaro.ruiz350@example.com,+34 652391668,Spain,Madrid,active,platinum,2025-11-10 05:37:40
C00351,Marta Martinez,marta.martinez351@example.com,+34 668565765,Spain,Murcia,at_risk,bronze,2026-01-23 03:53:45
C00352,Hugo Navarro,hugo.navarro352@example.com,+34 625621533,Spain,Madrid,new,platinum,2025-11-17 06:32:51
C00353,Lucia Ortega,lucia.ortega353@example.com,+34 680100177,Spain,Barcelona,vip,silver,2025-12-21 08:19:55
C00354,Alvaro Torres,alvaro.torres354@example.com,+34 616956255,Spain,Sevilla,at_risk,gold,2026-03-12 01:58:06
C00355,Claudia Castro,claudia.castro355@example.com,+34 670851470,Spain,Malaga,at_risk,bronze,2025-03-17 16:21:27
C00356,Marta Garcia,marta.garcia356@example.com,+34 653472390,Spain,Bilbao,vip,bronze,2025-02-05 13:21:56
C00357,Elena Romero,elena.romero357@example.com,+34 627961760,Spain,Zaragoza,new,gold,2025-06-02 04:14:27
C00358,Javier Sanchez,javier.sanchez358@example.com,+34 660326061,Spain,Alicante,active,gold,2025-03-25 16:53:56
C00359,Paula Lopez,paula.lopez359@example.com,+34 691978146,Spain,Murcia,new,platinum,2025-12-22 06:19:40
C00360,Sergio Serrano,sergio.serrano360@example.com,+34 627623059,Spain,Madrid,new,platinum,2026-01-11 02:30:15
C00361,Raul Gomez,raul.gomez361@example.com,+34 698706658,Spain,Valencia,active,bronze,2025-10-28 21:45:48
C00362,Claudia Castro,claudia.castro362@example.com,+34 651628597,Spain,Zaragoza,at_risk,silver,2025-08-01 12:11:48
C00363,Adrian Navarro,adrian.navarro363@example.com,+34 647574843,Spain,Valencia,active,platinum,2026-02-02 21:51:50
C00364,Laura Ortega,laura.ortega364@example.com,+34 650846454,Spain,Vigo,active,silver,2025-06-12 21:19:40
C00365,Claudia Moreno,claudia.moreno365@example.com,+34 697462066,Spain,Valencia,active,gold,2025-03-31 15:18:35
C00366,Nuria Ortega,nuria.ortega366@example.com,+34 671711116,Spain,Murcia,at_risk,gold,2025-11-25 01:51:09
C00367,Pablo Serrano,pablo.serrano367@example.com,+34 623126499,Spain,Zaragoza,active,bronze,2025-02-13 23:11:22
C00368,Javier Diaz,javier.diaz368@example.com,+34 630400538,Spain,Bilbao,active,bronze,2025-08-18 05:49:08
C00369,Javier Ortega,javier.ortega369@example.com,+34 614476105,Spain,Alicante,new,silver,2026-03-12 22:50:29
C00370,Adrian Ruiz,adrian.ruiz370@example.com,+34 675922405,Spain,Bilbao,new,platinum,2025-10-29 00:32:32
C00371,Paula Navarro,paula.navarro371@example.com,+34 680156415,Spain,Madrid,vip,silver,2025-12-11 03:18:31
C00372,Marta Torres,marta.torres372@example.com,+34 685673167,Spain,Murcia,active,silver,2025-08-17 11:52:12
C00373,Hugo Gomez,hugo.gomez373@example.com,+34 697178086,Spain,Valencia,active,bronze,2025-10-20 23:29:04
C00374,Lucia Ramos,lucia.ramos374@example.com,+34 645683635,Spain,Bilbao,active,silver,2026-03-30 14:17:20
C00375,Diego Garcia,diego.garcia375@example.com,+34 652588983,Spain,Valencia,new,silver,2025-09-08 14:15:34
C00376,Claudia Lopez,claudia.lopez376@example.com,+34 690745512,Spain,Bilbao,at_risk,gold,2025-02-26 14:35:47
C00377,Alvaro Serrano,alvaro.serrano377@example.com,+34 638292800,Spain,Vigo,new,silver,2025-11-20 01:31:13
C00378,Irene Ortega,irene.ortega378@example.com,+34 661196411,Spain,Malaga,active,silver,2025-09-15 18:45:25
C00379,Alvaro Torres,alvaro.torres379@example.com,+34 647329056,Spain,Murcia,at_risk,bronze,2025-03-31 02:34:19
C00380,Nuria Gil,nuria.gil380@example.com,+34 640773462,Spain,Murcia,active,bronze,2025-09-07 06:41:58
C00381,Adrian Sanchez,adrian.sanchez381@example.com,+34 659369054,Spain,Vigo,vip,bronze,2026-02-06 11:06:52
C00382,Nuria Serrano,nuria.serrano382@example.com,+34 675567200,Spain,Alicante,new,gold,2025-05-30 12:41:27
C00383,Alvaro Serrano,alvaro.serrano383@example.com,+34 620200617,Spain,Valencia,new,bronze,2025-06-13 17:15:05
C00384,Javier Ramos,javier.ramos384@example.com,+34 623315565,Spain,Vigo,at_risk,bronze,2025-04-30 10:11:35
C00385,Pablo Gil,pablo.gil385@example.com,+34 652139726,Spain,Barcelona,new,bronze,2025-05-19 06:00:51
C00386,Diego Ortega,diego.ortega386@example.com,+34 619702891,Spain,Sevilla,vip,platinum,2025-10-29 09:27:07
C00387,Hugo Vazquez,hugo.vazquez387@example.com,+34 665431773,Spain,Madrid,at_risk,bronze,2026-02-20 10:02:07
C00388,Pablo Castro,pablo.castro388@example.com,+34 618892682,Spain,Murcia,new,bronze,2025-10-05 20:00:49
C00389,Raul Sanchez,raul.sanchez389@example.com,+34 647925115,Spain,Bilbao,new,gold,2025-12-06 22:52:29
C00390,Adrian Vazquez,adrian.vazquez390@example.com,+34 694132316,Spain,Alicante,active,silver,2025-04-16 22:20:04
C00391,Adrian Ortega,adrian.ortega391@example.com,+34 647764845,Spain,Valencia,vip,gold,2025-01-09 15:51:17
C00392,Irene Ortega,irene.ortega392@example.com,+34 628229221,Spain,Madrid,new,platinum,2026-02-22 05:14:23
C00393,Irene Martinez,irene.martinez393@example.com,+34 649320256,Spain,Malaga,active,platinum,2026-02-03 02:40:29
C00394,Carlos Gomez,carlos.gomez394@example.com,+34 633331512,Spain,Murcia,vip,silver,2025-03-31 00:43:08
C00395,Elena Molina,elena.molina395@example.com,+34 616992744,Spain,Vigo,at_risk,bronze,2025-08-14 18:09:30
C00396,Miguel Diaz,miguel.diaz396@example.com,+34 622307007,Spain,Murcia,at_risk,gold,2025-10-05 09:32:29
C00397,Carlos Ruiz,carlos.ruiz397@example.com,+34 622398987,Spain,Murcia,new,silver,2025-09-04 19:57:33
C00398,Carmen Gil,carmen.gil398@example.com,+34 652746281,Spain,Bilbao,active,gold,2025-09-03 16:52:38
C00399,Paula Gomez,paula.gomez399@example.com,+34 610428429,Spain,Sevilla,active,platinum,2025-08-03 21:41:09
C00400,Nuria Perez,nuria.perez400@example.com,+34 696868577,Spain,Malaga,at_risk,platinum,2025-12-12 22:04:27
C00401,Nuria Moreno,nuria.moreno401@example.com,+34 672678469,Spain,Barcelona,active,bronze,2025-08-06 23:03:36
C00402,Carlos Ortega,carlos.ortega402@example.com,+34 635376021,Spain,Barcelona,new,bronze,2026-01-29 22:29:20
C00403,Pablo Molina,pablo.molina403@example.com,+34 684524814,Spain,Murcia,active,bronze,2026-03-05 10:27:26
C00404,Diego Ortega,diego.ortega404@example.com,+34 679595036,Spain,Valencia,vip,platinum,2025-06-23 10:44:15
C00405,Sergio Moreno,sergio.moreno405@example.com,+34 627587274,Spain,Vigo,new,platinum,2025-10-10 14:56:44
C00406,Raul Garcia,raul.garcia406@example.com,+34 694350484,Spain,Murcia,active,silver,2025-12-13 14:09:07
C00407,Elena Gomez,elena.gomez407@example.com,+34 682693297,Spain,Valencia,at_risk,gold,2025-02-01 09:28:48
C00408,Marta Romero,marta.romero408@example.com,+34 639165914,Spain,Bilbao,vip,silver,2025-02-03 06:00:25
C00409,Javier Serrano,javier.serrano409@example.com,+34 656506945,Spain,Alicante,at_risk,bronze,2025-01-31 23:52:38
C00410,Alvaro Sanchez,alvaro.sanchez410@example.com,+34 676764343,Spain,Bilbao,vip,silver,2025-10-20 13:26:35
C00411,Adrian Torres,adrian.torres411@example.com,+34 685785073,Spain,Barcelona,vip,platinum,2025-06-23 03:08:35
C00412,Raul Vazquez,raul.vazquez412@example.com,+34 655956934,Spain,Malaga,at_risk,platinum,2025-01-06 02:59:23
C00413,Raul Perez,raul.perez413@example.com,+34 666273650,Spain,Sevilla,new,gold,2025-06-14 06:57:52
C00414,Carlos Gomez,carlos.gomez414@example.com,+34 630479818,Spain,Murcia,new,silver,2025-11-19 00:57:33
C00415,Alvaro Sanchez,alvaro.sanchez415@example.com,+34 671808029,Spain,Alicante,at_risk,silver,2025-05-06 05:50:53
C00416,Paula Garcia,paula.garcia416@example.com,+34 641145240,Spain,Valencia,active,silver,2026-02-03 04:21:17
C00417,Lucia Molina,lucia.molina417@example.com,+34 628158627,Spain,Valencia,vip,silver,2026-02-06 06:52:49
C00418,Adrian Castro,adrian.castro418@example.com,+34 682768595,Spain,Madrid,vip,bronze,2025-06-18 05:35:38
C00419,Hugo Castro,hugo.castro419@example.com,+34 670605065,Spain,Valencia,active,platinum,2025-04-21 20:20:49
C00420,Sergio Gomez,sergio.gomez420@example.com,+34 689791691,Spain,Vigo,vip,silver,2025-09-24 03:51:19
C00421,Hugo Castro,hugo.castro421@example.com,+34 685172187,Spain,Sevilla,at_risk,platinum,2025-04-13 16:37:57
C00422,Sofia Garcia,sofia.garcia422@example.com,+34 635648102,Spain,Vigo,at_risk,silver,2025-03-16 19:08:08
C00423,Elena Romero,elena.romero423@example.com,+34 688728950,Spain,Madrid,new,bronze,2026-01-10 13:37:21
C00424,Carlos Castro,carlos.castro424@example.com,+34 679967719,Spain,Madrid,at_risk,platinum,2025-10-15 16:20:09
C00425,Lucia Serrano,lucia.serrano425@example.com,+34 664340633,Spain,Alicante,at_risk,gold,2026-03-24 11:40:13
C00426,Sofia Ramos,sofia.ramos426@example.com,+34 627366881,Spain,Alicante,active,bronze,2025-08-09 00:28:24
C00427,Claudia Ortega,claudia.ortega427@example.com,+34 662370328,Spain,Sevilla,new,bronze,2026-03-25 22:27:40
C00428,Raul Sanchez,raul.sanchez428@example.com,+34 676107543,Spain,Zaragoza,active,gold,2025-11-14 13:25:28
C00429,Nuria Sanchez,nuria.sanchez429@example.com,+34 629546768,Spain,Murcia,vip,gold,2026-02-21 09:43:10
C00430,Paula Molina,paula.molina430@example.com,+34 656741603,Spain,Bilbao,at_risk,silver,2025-11-17 23:07:52
C00431,Irene Ortega,irene.ortega431@example.com,+34 671287401,Spain,Malaga,at_risk,gold,2025-08-27 04:25:40
C00432,Sergio Torres,sergio.torres432@example.com,+34 660871523,Spain,Valencia,new,silver,2025-12-13 21:07:54
C00433,Elena Sanchez,elena.sanchez433@example.com,+34 637633036,Spain,Zaragoza,vip,bronze,2025-05-05 20:22:25
C00434,Adrian Garcia,adrian.garcia434@example.com,+34 621963245,Spain,Valencia,at_risk,platinum,2025-03-10 11:03:41
C00435,Miguel Diaz,miguel.diaz435@example.com,+34 638488848,Spain,Barcelona,new,platinum,2025-11-08 04:33:41
C00436,Claudia Serrano,claudia.serrano436@example.com,+34 646846172,Spain,Murcia,new,silver,2026-01-19 23:41:40
C00437,Hugo Garcia,hugo.garcia437@example.com,+34 635991884,Spain,Vigo,vip,silver,2025-01-27 02:31:25
C00438,Claudia Serrano,claudia.serrano438@example.com,+34 676832377,Spain,Sevilla,active,bronze,2025-10-07 10:02:22
C00439,Marta Garcia,marta.garcia439@example.com,+34 630191061,Spain,Bilbao,at_risk,gold,2025-11-03 22:00:05
C00440,Adrian Molina,adrian.molina440@example.com,+34 635642892,Spain,Madrid,new,bronze,2026-03-03 21:08:58
C00441,Laura Ortega,laura.ortega441@example.com,+34 684465004,Spain,Malaga,vip,silver,2025-06-01 02:12:44
C00442,Hugo Vazquez,hugo.vazquez442@example.com,+34 683104877,Spain,Bilbao,active,platinum,2026-01-29 04:57:43
C00443,Sofia Ortega,sofia.ortega443@example.com,+34 619627611,Spain,Bilbao,vip,bronze,2026-02-03 16:21:26
C00444,Diego Ortega,diego.ortega444@example.com,+34 683362292,Spain,Alicante,at_risk,platinum,2025-07-08 22:56:31
C00445,Alvaro Gil,alvaro.gil445@example.com,+34 697583100,Spain,Murcia,new,platinum,2025-04-01 07:23:53
C00446,Diego Martinez,diego.martinez446@example.com,+34 658764442,Spain,Sevilla,active,gold,2025-11-17 08:10:38
C00447,Nuria Serrano,nuria.serrano447@example.com,+34 678110195,Spain,Bilbao,active,gold,2025-03-14 05:49:17
C00448,Adrian Navarro,adrian.navarro448@example.com,+34 619681489,Spain,Valencia,at_risk,gold,2025-10-02 14:25:28
C00449,Javier Molina,javier.molina449@example.com,+34 644291663,Spain,Sevilla,at_risk,silver,2025-07-02 10:07:59
C00450,Marta Diaz,marta.diaz450@example.com,+34 636340341,Spain,Sevilla,active,gold,2025-05-02 03:58:05
C00451,Sofia Sanchez,sofia.sanchez451@example.com,+34 620808640,Spain,Alicante,new,bronze,2026-01-10 14:34:33
C00452,Nuria Castro,nuria.castro452@example.com,+34 650616256,Spain,Murcia,vip,platinum,2025-05-23 00:58:42
C00453,Raul Diaz,raul.diaz453@example.com,+34 660332881,Spain,Murcia,active,bronze,2026-02-13 08:25:08
C00454,Paula Romero,paula.romero454@example.com,+34 679134144,Spain,Vigo,vip,platinum,2025-05-16 18:30:53
C00455,Hugo Sanchez,hugo.sanchez455@example.com,+34 699643377,Spain,Alicante,vip,bronze,2025-01-10 04:20:25
C00456,Javier Vazquez,javier.vazquez456@example.com,+34 684205641,Spain,Malaga,vip,gold,2025-05-26 08:46:27
C00457,Irene Diaz,irene.diaz457@example.com,+34 640382495,Spain,Alicante,vip,gold,2025-05-23 20:23:57
C00458,Carmen Ramos,carmen.ramos458@example.com,+34 636539450,Spain,Malaga,vip,platinum,2025-08-06 04:40:20
C00459,Hugo Gomez,hugo.gomez459@example.com,+34 683237509,Spain,Murcia,active,bronze,2025-07-29 16:12:57
C00460,Marta Ortega,marta.ortega460@example.com,+34 665997904,Spain,Zaragoza,active,silver,2025-04-27 03:46:40
C00461,Carmen Garcia,carmen.garcia461@example.com,+34 632541996,Spain,Alicante,active,gold,2026-01-13 23:15:28
C00462,Laura Diaz,laura.diaz462@example.com,+34 681695417,Spain,Madrid,at_risk,bronze,2025-05-07 20:54:48
C00463,Lucia Fernandez,lucia.fernandez463@example.com,+34 642599687,Spain,Barcelona,at_risk,gold,2025-07-21 18:26:50
C00464,Nuria Torres,nuria.torres464@example.com,+34 681684572,Spain,Bilbao,vip,bronze,2025-11-16 19:46:46
C00465,Sofia Torres,sofia.torres465@example.com,+34 696734992,Spain,Sevilla,active,gold,2025-10-03 19:42:44
C00466,Alvaro Serrano,alvaro.serrano466@example.com,+34 672912378,Spain,Alicante,new,platinum,2025-08-11 13:11:11
C00467,Hugo Perez,hugo.perez467@example.com,+34 631771697,Spain,Malaga,at_risk,platinum,2025-02-25 09:57:00
C00468,Miguel Gomez,miguel.gomez468@example.com,+34 653339303,Spain,Malaga,vip,gold,2025-07-27 18:02:48
C00469,Claudia Vazquez,claudia.vazquez469@example.com,+34 644566509,Spain,Malaga,at_risk,platinum,2025-05-10 23:02:08
C00470,Elena Garcia,elena.garcia470@example.com,+34 626863124,Spain,Sevilla,vip,bronze,2025-06-13 13:20:13
C00471,Elena Vazquez,elena.vazquez471@example.com,+34 623200195,Spain,Barcelona,at_risk,bronze,2025-01-21 11:28:39
C00472,Adrian Serrano,adrian.serrano472@example.com,+34 620208976,Spain,Bilbao,active,bronze,2025-10-30 19:15:36
C00473,Laura Ruiz,laura.ruiz473@example.com,+34 641873422,Spain,Bilbao,at_risk,silver,2025-04-12 23:10:57
C00474,Raul Gomez,raul.gomez474@example.com,+34 613136862,Spain,Malaga,vip,platinum,2025-12-29 21:07:03
C00475,Irene Diaz,irene.diaz475@example.com,+34 680566453,Spain,Valencia,active,platinum,2026-03-15 01:25:58
C00476,Paula Serrano,paula.serrano476@example.com,+34 691770593,Spain,Vigo,vip,gold,2026-01-10 02:38:17
C00477,Irene Ruiz,irene.ruiz477@example.com,+34 621563324,Spain,Bilbao,vip,platinum,2025-07-21 19:09:15
C00478,Carlos Moreno,carlos.moreno478@example.com,+34 611100096,Spain,Vigo,active,gold,2025-08-11 17:38:08
C00479,Carmen Ortega,carmen.ortega479@example.com,+34 611821179,Spain,Alicante,at_risk,gold,2025-01-08 02:14:38
C00480,Paula Moreno,paula.moreno480@example.com,+34 686342446,Spain,Madrid,vip,silver,2025-11-16 19:18:46
C00481,Irene Ramos,irene.ramos481@example.com,+34 660362035,Spain,Valencia,at_risk,platinum,2025-06-21 08:08:27
C00482,Diego Martinez,diego.martinez482@example.com,+34 664755698,Spain,Sevilla,vip,gold,2026-02-18 04:09:35
C00483,Diego Ramos,diego.ramos483@example.com,+34 634994940,Spain,Barcelona,active,silver,2025-08-13 22:26:51
C00484,Sofia Gil,sofia.gil484@example.com,+34 689574760,Spain,Bilbao,at_risk,silver,2025-09-07 01:13:56
C00485,Pablo Perez,pablo.perez485@example.com,+34 616660957,Spain,Madrid,active,bronze,2025-08-08 02:59:46
C00486,Diego Perez,diego.perez486@example.com,+34 666862427,Spain,Madrid,active,bronze,2025-04-28 00:56:51
C00487,Pablo Romero,pablo.romero487@example.com,+34 637458521,Spain,Zaragoza,vip,platinum,2025-10-16 11:20:36
C00488,Hugo Lopez,hugo.lopez488@example.com,+34 652184120,Spain,Valencia,new,gold,2025-11-01 19:16:19
C00489,Miguel Ortega,miguel.ortega489@example.com,+34 670290425,Spain,Sevilla,vip,platinum,2025-01-10 19:10:11
C00490,Sofia Ruiz,sofia.ruiz490@example.com,+34 659908688,Spain,Alicante,active,bronze,2025-06-04 16:58:55
C00491,Hugo Sanchez,hugo.sanchez491@example.com,+34 676798359,Spain,Sevilla,at_risk,platinum,2025-08-31 10:08:24
C00492,Alvaro Gomez,alvaro.gomez492@example.com,+34 690863611,Spain,Madrid,new,gold,2026-01-09 18:46:11
C00493,Laura Fernandez,laura.fernandez493@example.com,+34 656154617,Spain,Sevilla,new,silver,2025-12-04 05:21:35
C00494,Alvaro Garcia,alvaro.garcia494@example.com,+34 631932978,Spain,Bilbao,new,platinum,2025-07-08 19:30:49
C00495,Pablo Lopez,pablo.lopez495@example.com,+34 684921533,Spain,Alicante,active,gold,2025-03-11 12:01:34
C00496,Marta Gomez,marta.gomez496@example.com,+34 673195841,Spain,Murcia,vip,bronze,2025-02-16 10:17:21
C00497,Nuria Perez,nuria.perez497@example.com,+34 699662407,Spain,Barcelona,active,platinum,2025-06-30 17:22:10
C00498,Alvaro Ortega,alvaro.ortega498@example.com,+34 692893454,Spain,Malaga,at_risk,silver,2025-01-17 14:02:44
C00499,Adrian Torres,adrian.torres499@example.com,+34 627362874,Spain,Madrid,at_risk,platinum,2026-03-11 04:58:38
C00500,Laura Ortega,laura.ortega500@example.com,+34 699613898,Spain,Sevilla,active,gold,2025-09-09 09:50:55
